image,status,problems,width,height,blur_score,brightness
Deer_103.jpg,PASS,,500,333,3532.66,147.78
Deer_105.jpg,PASS,,375,500,11328.4,121.03
Deer_131.jpg,PASS,,375,500,3440.93,125.56
Deer_138.jpg,PASS,,500,375,7867.83,125.92
Deer_143.jpg,PASS,,375,500,12209.89,116.62
Deer_146.jpg,PASS,,375,500,12240.0,125.57
Deer_150.jpg,PASS,,500,375,3311.6,129.1
Deer_170.jpg,REVIEW_REQUIRED,Very dark,396,500,127.56,18.61
Deer_180.jpg,PASS,,375,500,6202.17,109.19
Deer_187.jpg,PASS,,375,500,6312.38,121.97
Deer_2.jpg,PASS,,500,350,3882.61,126.72
Deer_213.jpg,PASS,,500,375,2398.96,73.49
Deer_227.jpg,PASS,,500,375,3221.11,126.13
Deer_240.jpg,PASS,,500,375,641.59,129.39
Deer_257.jpg,PASS,,281,500,5160.05,123.39
Deer_274.jpg,PASS,,375,500,7448.78,92.92
Deer_278.jpg,PASS,,375,500,9816.83,114.46
Deer_281.jpg,PASS,,375,500,7832.96,115.75
Deer_291.jpg,PASS,,281,500,4258.21,116.91
Deer_307.jpg,PASS,,375,500,1818.98,140.45
Deer_330.jpg,PASS,,281,500,559.28,56.84
Deer_333.jpg,PASS,,500,375,8216.51,82.05
Deer_340.jpg,REVIEW_REQUIRED,Very dark,375,500,270.31,35.05
Deer_341.jpg,REVIEW_REQUIRED,Very dark,375,500,189.95,32.52
Deer_343.jpg,PASS,,375,500,818.63,107.48
Deer_347.jpg,PASS,,375,500,818.63,107.48
Deer_351.jpg,PASS,,375,500,2635.42,135.93
Deer_355.jpg,PASS,,375,500,3942.19,140.43
Deer_362.jpg,PASS,,500,233,1385.9,111.51
Deer_388.jpg,PASS,,500,281,696.9,78.58
Deer_5.jpg,PASS,,500,375,3573.18,170.03
Deer_75.jpg,PASS,,375,500,15262.74,119.57
Fox_107.jpg,PASS,,500,333,1801.42,83.15
Fox_121.jpg,REVIEW_REQUIRED,Severely blurred,500,375,79.42,130.96
Fox_137.jpg,PASS,,375,500,3114.54,81.72
Fox_141.jpg,PASS,,500,281,15449.81,133.13
Fox_143.jpg,PASS,,375,500,5069.19,139.39
Fox_154.jpg,PASS,,500,375,9222.72,111.6
Fox_155.jpg,PASS,,500,375,9169.28,110.59
Fox_156.jpg,PASS,,500,375,6286.36,108.47
Fox_16.jpg,PASS,,500,375,7421.54,103.18
Fox_176.jpg,PASS,,500,375,5027.54,115.38
Fox_179.jpg,PASS,,500,496,84.76,104.68
Fox_181.jpg,PASS,,500,375,2184.27,122.37
Fox_222.jpg,PASS,,500,500,634.27,113.18
Fox_224.jpg,PASS,,375,500,5224.81,141.82
Fox_227.jpg,PASS,,375,500,2775.41,145.4
Fox_228.jpg,PASS,,375,500,2839.31,140.27
Fox_250.jpg,PASS,,500,375,8260.12,119.66
Fox_260.jpg,PASS,,500,375,1205.63,168.13
Fox_28.jpg,PASS,,375,500,6764.84,99.48
Fox_288.jpg,PASS,,500,375,2604.79,120.11
Fox_290.jpg,PASS,,500,375,5211.92,130.67
Fox_291.jpg,PASS,,500,375,4306.3,142.64
Fox_32.jpg,PASS,,500,375,890.64,175.32
Fox_38.jpg,PASS,,375,500,1434.31,119.73
Fox_39.jpg,PASS,,500,357,1539.88,114.32
Fox_47.jpg,PASS,,500,500,278.89,45.67
Fox_49.jpg,PASS,,375,500,3470.54,77.51
Fox_5.jpg,PASS,,500,375,2719.03,94.57
Fox_51.jpg,PASS,,375,500,2687.29,79.09
Fox_8.jpg,PASS,,233,500,3860.92,130.9
Fox_84.jpg,PASS,,500,281,4584.66,105.38
Fox_88.jpg,PASS,,375,500,543.33,151.04
Fox_89.jpg,PASS,,375,500,363.31,150.16
Fox_99.jpg,PASS,,281,500,6774.09,112.04
Lion_0.jpg,PASS,,500,375,4394.86,131.86
Lion_1.jpg,PASS,,500,333,785.6,112.86
Lion_10.jpg,PASS,,500,333,2448.26,45.02
Lion_11.jpg,PASS,,500,333,995.0,51.92
Lion_114.jpg,PASS,,281,500,3410.08,122.96
Lion_121.jpg,PASS,,500,347,1165.36,88.41
Lion_137.jpg,PASS,,281,500,5367.96,130.81
Lion_145.jpg,PASS,,375,500,11266.71,110.87
Lion_146.jpg,PASS,,375,500,12122.4,113.3
Lion_149.jpg,PASS,,375,500,2721.06,105.73
Lion_153.jpg,PASS,,500,333,795.96,42.15
Lion_156.jpg,PASS,,500,333,1895.26,50.93
Lion_169.jpg,PASS,,500,281,3836.88,96.6
Lion_174.jpg,PASS,,500,375,7129.0,126.93
Lion_177.jpg,PASS,,243,500,421.0,147.67
Lion_178.jpg,PASS,,375,500,5215.95,79.39
Lion_187.jpg,PASS,,281,500,3036.51,142.5
Lion_197.jpg,PASS,,500,375,1000.37,115.86
Lion_2.jpg,PASS,,333,500,1290.22,75.36
Lion_204.jpg,PASS,,500,333,729.39,67.79
Lion_234.jpg,PASS,,375,500,3819.69,132.86
Lion_239.jpg,PASS,,500,375,318.87,85.17
Lion_266.jpg,REVIEW_REQUIRED,Severely blurred,500,333,72.68,119.59
Lion_268.jpg,PASS,,281,500,3577.1,135.33
Lion_269.jpg,PASS,,375,500,731.64,134.87
Lion_273.jpg,PASS,,375,500,1184.22,103.09
Lion_277.jpg,PASS,,281,500,4308.79,141.93
Lion_32.jpg,PASS,,375,500,1392.7,131.79
Lion_4.jpg,PASS,,500,333,2658.94,59.29
Lion_5.jpg,PASS,,500,333,2857.55,51.38
Lion_58.jpg,PASS,,500,375,7471.14,107.28
Lion_65.jpg,PASS,,281,500,3541.72,103.78
Lion_73.jpg,PASS,,500,331,1290.71,152.97
Lion_8.jpg,PASS,,500,333,1972.69,72.23
Lion_81.jpg,PASS,,500,331,1033.18,127.53
Lion_85.jpg,PASS,,500,375,81.18,106.05
Lion_86.jpg,PASS,,375,500,4490.97,108.48
american_black_bear_103.jpg,PASS,,500,281,5921.39,117.72
american_black_bear_106.jpg,PASS,,500,281,1747.07,72.37
american_black_bear_120.jpg,PASS,,500,375,714.78,90.43
american_black_bear_127.jpg,PASS,,500,375,1117.14,98.97
american_black_bear_130.jpg,PASS,,500,333,3049.7,142.47
american_black_bear_137.jpg,PASS,,500,281,7320.99,68.88
american_black_bear_139.jpg,PASS,,500,281,97.45,78.3
american_black_bear_142.jpg,REVIEW_REQUIRED,Severely blurred,500,281,29.74,77.97
american_black_bear_144.jpg,REVIEW_REQUIRED,Severely blurred,500,281,28.42,91.48
american_black_bear_169.jpg,PASS,,375,500,7081.03,118.14
american_black_bear_171.jpg,PASS,,375,500,12659.05,128.91
american_black_bear_178.jpg,PASS,,500,375,2076.93,110.8
american_black_bear_196.jpg,PASS,,375,500,452.9,124.06
american_black_bear_21.jpg,PASS,,309,500,6543.92,122.25
american_black_bear_214.jpg,PASS,,375,500,2906.15,143.23
american_black_bear_217.jpg,PASS,,500,281,800.51,56.39
american_black_bear_224.jpg,PASS,,333,500,5857.17,127.64
american_black_bear_227.jpg,PASS,,500,375,5785.47,125.64
american_black_bear_23.jpg,PASS,,500,375,6914.41,119.79
american_black_bear_231.jpg,PASS,,500,281,712.18,48.43
american_black_bear_233.jpg,PASS,,500,281,718.59,53.47
american_black_bear_25.jpg,PASS,,281,500,9083.87,118.42
american_black_bear_251.jpg,PASS,,375,500,4007.07,104.12
american_black_bear_262.jpg,PASS,,500,281,2031.89,79.97
american_black_bear_265.jpg,PASS,,500,281,2313.38,77.82
american_black_bear_271.jpg,PASS,,500,281,1917.25,81.5
american_black_bear_277.jpg,PASS,,500,281,2224.25,74.16
american_black_bear_282.jpg,PASS,,500,281,1943.5,83.35
american_black_bear_285.jpg,PASS,,500,281,1919.75,81.88
american_black_bear_287.jpg,PASS,,500,281,1951.24,80.39
american_black_bear_292.jpg,PASS,,375,500,2373.07,137.57
american_black_bear_294.jpg,PASS,,500,336,687.64,141.87
american_black_bear_296.jpg,PASS,,500,400,1248.17,101.16
american_black_bear_32.jpg,PASS,,375,500,2174.01,103.68
american_black_bear_34.jpg,PASS,,500,281,1925.17,68.33
american_black_bear_40.jpg,PASS,,500,281,1870.25,61.55
american_black_bear_5.jpg,PASS,,375,500,4322.91,116.81
american_black_bear_50.jpg,PASS,,500,281,2346.19,68.11
american_black_bear_54.jpg,PASS,,500,281,577.32,63.07
american_black_bear_61.jpg,PASS,,500,281,1427.58,71.74
american_black_bear_62.jpg,PASS,,500,281,486.51,70.68
american_black_bear_80.jpg,PASS,,500,281,1825.59,66.06
american_black_bear_85.jpg,PASS,,500,281,1780.46,58.24
american_black_bear_9.jpg,REVIEW_REQUIRED,Severely blurred,340,500,40.06,109.27
american_black_bear_90.jpg,PASS,,500,281,1904.78,65.12
bighorn_sheep_123.jpg,PASS,,281,500,4643.44,126.64
bighorn_sheep_138.jpg,PASS,,500,375,7016.17,103.27
bighorn_sheep_170.jpg,PASS,,375,500,6555.21,100.22
bighorn_sheep_171.jpg,PASS,,375,500,4124.88,97.51
bighorn_sheep_173.jpg,PASS,,500,375,1251.78,111.71
bighorn_sheep_174.jpg,PASS,,375,500,2079.95,142.32
bighorn_sheep_202.jpg,PASS,,500,500,12517.44,104.73
bighorn_sheep_214.jpg,PASS,,500,333,3808.88,119.18
bighorn_sheep_227.jpg,PASS,,385,500,302.09,135.92
bighorn_sheep_272.jpg,PASS,,500,334,3599.71,147.36
bighorn_sheep_276.jpg,PASS,,375,500,7341.93,131.32
bighorn_sheep_289.jpg,PASS,,500,333,169.27,119.47
bighorn_sheep_34.jpg,PASS,,375,500,3661.85,129.84
bighorn_sheep_38.jpg,PASS,,500,375,8572.13,112.65
bighorn_sheep_39.jpg,PASS,,500,375,6479.07,120.6
bighorn_sheep_49.jpg,PASS,,376,500,618.39,110.18
bighorn_sheep_57.jpg,PASS,,448,500,4540.26,124.31
bighorn_sheep_62.jpg,PASS,,476,500,11100.92,128.21
bighorn_sheep_64.jpg,PASS,,459,500,8914.98,106.45
bighorn_sheep_65.jpg,PASS,,450,500,17453.33,111.79
bighorn_sheep_66.jpg,PASS,,500,376,4449.14,116.85
bighorn_sheep_79.jpg,PASS,,500,500,2277.87,127.97
california_vole_101.jpg,PASS,,500,375,3896.67,101.16
california_vole_12.jpg,PASS,,500,375,1401.21,120.02
california_vole_129.jpg,PASS,,500,281,2837.33,103.25
california_vole_13.jpg,PASS,,500,375,734.06,123.5
california_vole_131.jpg,PASS,,500,281,1983.83,126.09
california_vole_136.jpg,PASS,,500,335,533.78,104.33
california_vole_137.jpg,PASS,,500,375,5822.35,113.84
california_vole_141.jpg,PASS,,375,500,4984.4,111.8
california_vole_15.jpg,PASS,,500,375,1490.53,121.05
california_vole_159.jpg,PASS,,500,375,523.48,175.86
california_vole_162.jpg,PASS,,500,375,593.05,179.15
california_vole_169.jpg,PASS,,500,375,3728.64,93.96
california_vole_17.jpg,PASS,,375,500,6572.0,105.26
california_vole_170.jpg,PASS,,375,500,2533.79,126.06
california_vole_182.jpg,PASS,,500,375,12591.96,108.15
california_vole_202.jpg,PASS,,500,375,2312.38,132.23
california_vole_208.jpg,PASS,,500,375,2032.7,132.72
california_vole_22.jpg,PASS,,500,375,8074.31,131.16
california_vole_226.jpg,PASS,,375,500,6177.22,146.9
california_vole_227.jpg,PASS,,500,375,3084.44,141.07
california_vole_228.jpg,PASS,,500,375,7062.51,148.94
california_vole_24.jpg,PASS,,375,500,986.84,134.0
california_vole_244.jpg,PASS,,500,375,920.01,132.86
california_vole_246.jpg,PASS,,375,500,481.95,129.97
california_vole_255.jpg,PASS,,500,346,2558.48,126.45
california_vole_259.jpg,PASS,,500,375,419.04,154.08
california_vole_263.jpg,PASS,,375,500,3068.94,120.89
california_vole_264.jpg,PASS,,375,500,3867.14,118.94
california_vole_267.jpg,PASS,,375,500,2013.15,85.55
california_vole_275.jpg,PASS,,344,500,3460.22,129.46
california_vole_283.jpg,PASS,,500,375,5554.22,122.64
california_vole_284.jpg,PASS,,500,375,5553.69,122.61
california_vole_299.jpg,PASS,,375,500,1980.86,126.38
california_vole_3.jpg,PASS,,375,500,4283.68,112.72
california_vole_30.jpg,PASS,,500,375,5493.92,128.05
california_vole_36.jpg,PASS,,375,500,566.87,158.1
california_vole_42.jpg,PASS,,500,375,1074.66,135.2
california_vole_66.jpg,PASS,,500,375,3066.63,96.58
california_vole_71.jpg,PASS,,376,500,2967.58,154.01
california_vole_73.jpg,PASS,,376,500,7322.96,143.46
california_vole_75.jpg,PASS,,375,500,594.8,123.19
california_vole_78.jpg,PASS,,375,500,4308.45,136.95
california_vole_89.jpg,PASS,,375,500,3713.63,127.48
california_vole_93.jpg,PASS,,500,385,597.54,168.52
gray_wolf_107.jpg,PASS,,281,500,1218.26,148.72
gray_wolf_111.jpg,PASS,,500,242,3130.13,129.18
gray_wolf_113.jpg,PASS,,500,375,430.31,133.99
gray_wolf_132.jpg,PASS,,500,333,495.12,69.92
gray_wolf_145.jpg,PASS,,500,281,5880.6,126.48
gray_wolf_15.jpg,PASS,,375,500,1125.12,126.66
gray_wolf_151.jpg,REVIEW_REQUIRED,Very low resolution,500,143,3325.6,121.72
gray_wolf_159.jpg,PASS,,500,333,1361.68,97.9
gray_wolf_165.jpg,PASS,,500,281,921.35,87.88
gray_wolf_170.jpg,PASS,,500,332,5235.56,121.78
gray_wolf_187.jpg,PASS,,500,375,2271.55,99.86
gray_wolf_27.jpg,PASS,,500,500,5250.72,120.91
gray_wolf_29.jpg,PASS,,500,500,3582.39,101.27
gray_wolf_44.jpg,PASS,,375,500,2183.72,96.99
gray_wolf_49.jpg,PASS,,281,500,6880.89,122.74
gray_wolf_51.jpg,PASS,,500,333,2132.04,116.04
gray_wolf_68.jpg,PASS,,458,500,6651.35,149.26
gray_wolf_75.jpg,PASS,,376,500,7460.21,101.3
gray_wolf_8.jpg,PASS,,333,500,1351.01,116.85
gray_wolf_87.jpg,PASS,,500,426,3355.92,166.4
great_horned_owl_104.jpg,PASS,,500,375,4775.88,120.09
great_horned_owl_108.jpg,PASS,,375,500,4593.16,124.13
great_horned_owl_116.jpg,PASS,,500,333,978.29,114.48
great_horned_owl_119.jpg,PASS,,500,376,4482.68,143.92
great_horned_owl_13.jpg,PASS,,375,500,6505.9,101.54
great_horned_owl_132.jpg,PASS,,375,500,9027.93,97.33
great_horned_owl_143.jpg,PASS,,500,375,477.32,185.49
great_horned_owl_164.jpg,PASS,,375,500,4290.16,118.64
great_horned_owl_167.jpg,PASS,,231,500,4277.65,126.49
great_horned_owl_186.jpg,REVIEW_REQUIRED,Severely blurred,500,281,19.49,124.42
great_horned_owl_187.jpg,REVIEW_REQUIRED,Severely blurred,500,281,16.28,137.37
great_horned_owl_188.jpg,REVIEW_REQUIRED,Severely blurred,500,281,28.39,138.95
great_horned_owl_230.jpg,PASS,,500,500,504.35,137.17
great_horned_owl_255.jpg,REVIEW_REQUIRED,Severely blurred; Very dark,375,500,37.42,38.25
great_horned_owl_258.jpg,REVIEW_REQUIRED,Severely blurred,500,333,57.12,63.56
great_horned_owl_267.jpg,PASS,,375,500,10829.37,94.1
great_horned_owl_38.jpg,PASS,,375,500,290.77,119.18
great_horned_owl_55.jpg,PASS,,500,375,1289.07,63.82
great_horned_owl_63.jpg,PASS,,500,281,3584.32,91.97
great_horned_owl_77.jpg,PASS,,375,500,1384.87,85.98
great_horned_owl_82.jpg,PASS,,375,500,2385.96,77.37
great_horned_owl_97.jpg,PASS,,375,500,7893.19,73.99
harbor_seal_11.jpg,PASS,,500,333,304.36,159.21
harbor_seal_145.jpg,PASS,,500,333,486.03,126.49
harbor_seal_148.jpg,PASS,,500,333,501.72,130.37
harbor_seal_150.jpg,PASS,,500,333,546.48,125.59
harbor_seal_151.jpg,PASS,,500,333,568.77,131.88
harbor_seal_155.jpg,PASS,,500,333,488.92,114.89
harbor_seal_168.jpg,PASS,,375,500,914.66,139.41
harbor_seal_194.jpg,PASS,,500,375,317.24,152.06
harbor_seal_2.jpg,PASS,,443,500,1207.6,125.4
harbor_seal_216.jpg,PASS,,375,500,1251.11,110.26
harbor_seal_218.jpg,PASS,,375,500,3519.88,125.38
harbor_seal_222.jpg,PASS,,375,500,2243.05,115.4
harbor_seal_228.jpg,PASS,,500,255,787.29,128.26
harbor_seal_23.jpg,PASS,,500,333,690.2,113.37
harbor_seal_231.jpg,PASS,,500,376,846.85,165.2
harbor_seal_263.jpg,PASS,,500,281,449.05,148.84
harbor_seal_27.jpg,PASS,,375,500,2653.68,116.06
harbor_seal_280.jpg,PASS,,375,500,4414.5,148.18
harbor_seal_290.jpg,PASS,,500,375,3020.71,126.57
harbor_seal_295.jpg,PASS,,500,375,9378.43,107.17
harbor_seal_298.jpg,PASS,,500,375,5458.42,133.38
harbor_seal_299.jpg,PASS,,500,375,4143.14,154.79
harbor_seal_39.jpg,PASS,,500,375,2863.86,115.83
harbor_seal_46.jpg,PASS,,376,500,1124.86,162.82
harbor_seal_50.jpg,PASS,,500,223,485.07,167.91
harbor_seal_66.jpg,PASS,,500,375,4429.53,124.68
harbor_seal_81.jpg,PASS,,500,333,1309.42,144.01
harbor_seal_96.jpg,PASS,,500,333,1571.67,146.78
kangaroo_rat_103.jpg,PASS,,375,500,4803.86,116.57
kangaroo_rat_116.jpg,PASS,,500,346,155.2,140.89
kangaroo_rat_117.jpg,PASS,,500,375,945.46,109.48
kangaroo_rat_12.jpg,REVIEW_REQUIRED,Very dark,375,500,562.92,29.57
kangaroo_rat_13.jpg,REVIEW_REQUIRED,Very dark,375,500,3885.25,38.61
kangaroo_rat_149.jpg,PASS,,500,376,3409.28,110.93
kangaroo_rat_150.jpg,PASS,,500,500,3447.77,154.16
kangaroo_rat_168.jpg,PASS,,233,500,566.87,83.1
kangaroo_rat_17.jpg,PASS,,375,500,8855.34,153.95
kangaroo_rat_183.jpg,REVIEW_REQUIRED,Very low resolution,184,500,2729.1,114.1
kangaroo_rat_184.jpg,PASS,,334,500,382.65,101.31
kangaroo_rat_185.jpg,PASS,,458,500,1997.55,92.32
kangaroo_rat_186.jpg,PASS,,500,375,388.95,122.28
kangaroo_rat_189.jpg,PASS,,375,500,534.07,121.89
kangaroo_rat_198.jpg,PASS,,500,375,473.71,112.26
kangaroo_rat_209.jpg,REVIEW_REQUIRED,Very low resolution; Severely blurred,95,87,64.87,50.77
kangaroo_rat_223.jpg,PASS,,500,392,531.12,49.43
kangaroo_rat_225.jpg,PASS,,375,500,1192.85,171.5
kangaroo_rat_228.jpg,REVIEW_REQUIRED,Very low resolution,197,500,1626.2,119.97
kangaroo_rat_234.jpg,PASS,,500,281,833.71,78.64
kangaroo_rat_243.jpg,PASS,,375,500,2338.63,130.96
kangaroo_rat_249.jpg,PASS,,500,375,5227.54,111.16
kangaroo_rat_251.jpg,PASS,,500,375,398.19,128.79
kangaroo_rat_264.jpg,PASS,,500,375,7721.77,100.66
kangaroo_rat_274.jpg,PASS,,500,281,2721.28,109.07
kangaroo_rat_292.jpg,REVIEW_REQUIRED,Severely blurred,375,500,39.57,110.92
kangaroo_rat_8.jpg,PASS,,375,500,2712.44,95.92
kangaroo_rat_87.jpg,PASS,,375,500,14532.96,117.51
kangaroo_rat_88.jpg,PASS,,375,500,14702.58,119.75
kangaroo_rat_91.jpg,PASS,,375,500,4745.34,106.22
kangaroo_rat_92.jpg,PASS,,375,500,10171.45,101.91
kangaroo_rat_96.jpg,PASS,,375,500,1640.38,123.72
kangaroo_rat_98.jpg,PASS,,375,500,7048.65,130.36
mountain_lion_132.jpg,PASS,,500,281,344.65,40.95
mountain_lion_161.jpg,PASS,,375,500,6744.49,102.07
mountain_lion_167.jpg,PASS,,500,281,2308.35,65.84
mountain_lion_170.jpg,PASS,,500,281,2240.02,67.32
mountain_lion_176.jpg,REVIEW_REQUIRED,Very dark,500,281,2241.96,30.49
mountain_lion_177.jpg,REVIEW_REQUIRED,Very dark,500,281,1966.98,30.08
mountain_lion_190.jpg,PASS,,375,500,5652.88,106.6
mountain_lion_198.jpg,PASS,,500,375,5667.73,117.45
mountain_lion_206.jpg,PASS,,376,500,8198.85,151.85
mountain_lion_211.jpg,REVIEW_REQUIRED,Severely blurred; Very dark,500,346,6.09,38.83
mountain_lion_227.jpg,PASS,,500,281,834.81,40.92
mountain_lion_232.jpg,PASS,,500,375,2854.15,139.37
mountain_lion_236.jpg,PASS,,500,281,1320.48,92.74
mountain_lion_280.jpg,PASS,,500,375,13643.81,86.98
mountain_lion_288.jpg,REVIEW_REQUIRED,Severely blurred,500,322,37.65,42.85
mountain_lion_49.jpg,PASS,,375,500,3976.84,116.53
mountain_lion_5.jpg,PASS,,500,375,5808.19,127.71
mountain_lion_72.jpg,PASS,,500,375,5726.94,119.26
mountain_lion_8.jpg,PASS,,500,281,4428.1,92.3
mountain_lion_80.jpg,PASS,,375,500,7499.64,132.93
mountain_lion_86.jpg,PASS,,500,284,2549.78,84.94
mountain_lion_98.jpg,PASS,,500,281,1160.93,68.89
rabbit_142.jpg,PASS,,500,375,214.82,47.29
rabbit_17.jpg,PASS,,471,500,100.9,108.47
rabbit_216.jpg,PASS,,500,333,4232.66,113.58
rabbit_233.jpg,PASS,,500,384,1879.18,157.98
rabbit_259.jpg,PASS,,375,500,3832.85,123.93
red_tailed_hawk_141.jpg,PASS,,375,500,1194.88,60.94
red_tailed_hawk_181.jpg,PASS,,500,333,4163.26,142.5
red_tailed_hawk_23.jpg,REVIEW_REQUIRED,Severely blurred,500,333,4.52,158.94
red_tailed_hawk_261.jpg,PASS,,375,500,1175.48,203.2
red_tailed_hawk_48.jpg,PASS,,445,500,1494.67,98.71
red_tailed_hawk_77.jpg,PASS,,500,500,1213.86,150.88
red_tailed_hawk_79.jpg,PASS,,281,500,8474.15,115.66
tule_elk_112.jpg,REVIEW_REQUIRED,Severely blurred,336,500,67.29,115.34
tule_elk_155.jpg,PASS,,500,375,495.69,110.21
tule_elk_160.jpg,PASS,,500,375,203.26,128.13
tule_elk_203.jpg,PASS,,500,375,1727.78,106.27
tule_elk_237.jpg,PASS,,500,440,312.3,126.01
tule_elk_240.jpg,PASS,,500,375,5060.63,107.47
tule_elk_251.jpg,PASS,,500,466,776.84,158.58
tule_elk_267.jpg,PASS,,500,233,4111.85,121.11
tule_elk_51.jpg,PASS,,375,500,12240.0,125.57
turkey_145.jpg,PASS,,375,500,3574.87,134.47
turkey_147.jpg,PASS,,435,500,5256.84,122.93
turkey_157.jpg,PASS,,375,500,2712.43,134.22
turkey_187.jpg,PASS,,500,458,2592.87,120.56
turkey_188.jpg,PASS,,500,479,209.31,144.91
turkey_195.jpg,PASS,,500,375,12891.05,129.22
turkey_196.jpg,PASS,,500,375,11966.45,125.77
turkey_225.jpg,PASS,,500,375,2737.03,113.33
turkey_244.jpg,PASS,,375,500,3421.71,115.22
turkey_26.jpg,PASS,,375,500,6338.39,112.66
turkey_267.jpg,PASS,,375,500,2008.82,106.0
turkey_268.jpg,PASS,,375,500,2733.68,105.19
turkey_49.jpg,PASS,,375,500,7494.82,152.94
turkey_50.jpg,PASS,,375,500,16349.33,114.4
turkey_59.jpg,PASS,,375,500,6687.88,109.7
turkey_78.jpg,PASS,,375,500,1121.65,96.57
